-- MySQL dump 10.13  Distrib 8.0.40, for Win64 (x86_64)
--
-- Host: localhost    Database: cinema
-- ------------------------------------------------------
-- Server version	8.0.40

/*!40101 SET @OLD_CHARACTER_SET_CLIENT=@@CHARACTER_SET_CLIENT */;
/*!40101 SET @OLD_CHARACTER_SET_RESULTS=@@CHARACTER_SET_RESULTS */;
/*!40101 SET @OLD_COLLATION_CONNECTION=@@COLLATION_CONNECTION */;
/*!50503 SET NAMES utf8 */;
/*!40103 SET @OLD_TIME_ZONE=@@TIME_ZONE */;
/*!40103 SET TIME_ZONE='+00:00' */;
/*!40014 SET @OLD_UNIQUE_CHECKS=@@UNIQUE_CHECKS, UNIQUE_CHECKS=0 */;
/*!40014 SET @OLD_FOREIGN_KEY_CHECKS=@@FOREIGN_KEY_CHECKS, FOREIGN_KEY_CHECKS=0 */;
/*!40101 SET @OLD_SQL_MODE=@@SQL_MODE, SQL_MODE='NO_AUTO_VALUE_ON_ZERO' */;
/*!40111 SET @OLD_SQL_NOTES=@@SQL_NOTES, SQL_NOTES=0 */;

--
-- Table structure for table `booking_seats`
--

DROP TABLE IF EXISTS `booking_seats`;
/*!40101 SET @saved_cs_client     = @@character_set_client */;
/*!50503 SET character_set_client = utf8mb4 */;
CREATE TABLE `booking_seats` (
  `BookingSeatID` int NOT NULL AUTO_INCREMENT,
  `BookingID` int NOT NULL,
  `SessionID` int NOT NULL,
  `SeatID` int NOT NULL,
  PRIMARY KEY (`BookingSeatID`),
  UNIQUE KEY `ux_session_seat` (`SessionID`,`SeatID`),
  KEY `BookingID` (`BookingID`),
  KEY `SeatID` (`SeatID`),
  CONSTRAINT `booking_seats_ibfk_1` FOREIGN KEY (`BookingID`) REFERENCES `bookings` (`BookingID`) ON DELETE CASCADE,
  CONSTRAINT `booking_seats_ibfk_2` FOREIGN KEY (`SessionID`) REFERENCES `sessions` (`SessionID`) ON DELETE CASCADE,
  CONSTRAINT `booking_seats_ibfk_3` FOREIGN KEY (`SeatID`) REFERENCES `seats` (`SeatID`)
) ENGINE=InnoDB AUTO_INCREMENT=135 DEFAULT CHARSET=utf8mb4 COLLATE=utf8mb4_0900_ai_ci;
/*!40101 SET character_set_client = @saved_cs_client */;

--
-- Dumping data for table `booking_seats`
--

LOCK TABLES `booking_seats` WRITE;
/*!40000 ALTER TABLE `booking_seats` DISABLE KEYS */;
INSERT INTO `booking_seats` VALUES (41,13,31,37),(42,13,31,47),(43,13,31,57),(44,13,31,95),(52,16,31,55),(68,28,34,54),(69,28,34,64),(70,29,34,93),(71,29,34,73),(79,32,32,339),(80,32,32,359),(81,33,32,315),(82,33,32,325),(83,33,32,368),(87,35,44,267),(88,35,44,277),(89,36,33,386),(90,36,33,415),(91,36,33,416),(92,36,33,396),(106,41,57,5),(107,41,57,15),(108,41,57,108),(109,41,57,118),(110,41,57,60),(111,41,57,50),(112,41,57,40),(113,41,57,30),(114,41,57,32),(115,41,57,22),(116,41,57,76),(117,41,57,86),(118,41,57,96),(119,42,57,55),(120,42,57,56),(122,44,57,45),(123,44,57,35),(124,44,57,36),(129,47,72,306),(130,47,72,308),(131,48,91,412),(132,48,91,446),(133,49,74,290),(134,49,74,280);
/*!40000 ALTER TABLE `booking_seats` ENABLE KEYS */;
UNLOCK TABLES;

--
-- Table structure for table `bookings`
--

DROP TABLE IF EXISTS `bookings`;
/*!40101 SET @saved_cs_client     = @@character_set_client */;
/*!50503 SET character_set_client = utf8mb4 */;
CREATE TABLE `bookings` (
  `BookingID` int NOT NULL AUTO_INCREMENT,
  `UserID` int NOT NULL,
  `SessionID` int NOT NULL,
  `TotalPrice` decimal(7,2) NOT NULL,
  `CreatedAt` timestamp NULL DEFAULT CURRENT_TIMESTAMP,
  PRIMARY KEY (`BookingID`),
  KEY `UserID` (`UserID`),
  KEY `SessionID` (`SessionID`),
  CONSTRAINT `bookings_ibfk_1` FOREIGN KEY (`UserID`) REFERENCES `users` (`UserID`) ON DELETE CASCADE,
  CONSTRAINT `bookings_ibfk_2` FOREIGN KEY (`SessionID`) REFERENCES `sessions` (`SessionID`) ON DELETE CASCADE
) ENGINE=InnoDB AUTO_INCREMENT=50 DEFAULT CHARSET=utf8mb4 COLLATE=utf8mb4_0900_ai_ci;
/*!40101 SET character_set_client = @saved_cs_client */;

--
-- Dumping data for table `bookings`
--

LOCK TABLES `bookings` WRITE;
/*!40000 ALTER TABLE `bookings` DISABLE KEYS */;
INSERT INTO `bookings` VALUES (13,3,31,564.00,'2025-05-02 17:38:51'),(16,3,31,204.00,'2025-05-02 19:59:48'),(28,3,34,408.00,'2025-05-02 23:07:37'),(29,3,34,408.00,'2025-05-02 23:07:54'),(32,3,32,408.00,'2025-05-02 23:14:05'),(33,3,32,444.00,'2025-05-03 00:00:07'),(35,10,44,408.00,'2025-05-03 08:09:29'),(36,10,33,816.00,'2025-05-03 08:15:44'),(41,11,57,1980.00,'2025-05-08 11:54:06'),(42,11,57,408.00,'2025-05-08 11:55:09'),(44,10,57,612.00,'2025-05-09 08:57:53'),(47,10,72,330.00,'2025-05-09 16:46:06'),(48,10,91,500.00,'2025-05-09 17:04:53'),(49,10,74,600.00,'2025-05-10 10:35:49');
/*!40000 ALTER TABLE `bookings` ENABLE KEYS */;
UNLOCK TABLES;

--
-- Table structure for table `halls`
--

DROP TABLE IF EXISTS `halls`;
/*!40101 SET @saved_cs_client     = @@character_set_client */;
/*!50503 SET character_set_client = utf8mb4 */;
CREATE TABLE `halls` (
  `HallID` int NOT NULL AUTO_INCREMENT,
  `Name` varchar(50) NOT NULL,
  `Capacity` int NOT NULL,
  `Description` varchar(255) DEFAULT NULL,
  PRIMARY KEY (`HallID`)
) ENGINE=InnoDB AUTO_INCREMENT=4 DEFAULT CHARSET=utf8mb4 COLLATE=utf8mb4_0900_ai_ci;
/*!40101 SET character_set_client = @saved_cs_client */;

--
-- Dumping data for table `halls`
--

LOCK TABLES `halls` WRITE;
/*!40000 ALTER TABLE `halls` DISABLE KEYS */;
INSERT INTO `halls` VALUES (1,'1',100,'Стандартний зал, 100 місць'),(2,'2',80,'Стандартний зал, 80 місць'),(3,'3',100,'Великий зал, 100 місць');
/*!40000 ALTER TABLE `halls` ENABLE KEYS */;
UNLOCK TABLES;

--
-- Table structure for table `movies`
--

DROP TABLE IF EXISTS `movies`;
/*!40101 SET @saved_cs_client     = @@character_set_client */;
/*!50503 SET character_set_client = utf8mb4 */;
CREATE TABLE `movies` (
  `MovieID` int NOT NULL AUTO_INCREMENT,
  `Title` varchar(255) NOT NULL,
  `Description` text,
  `Duration` int DEFAULT NULL,
  `ReleaseDate` date DEFAULT NULL,
  `Genre` varchar(100) DEFAULT NULL,
  `Director` varchar(100) DEFAULT NULL,
  `PosterImg` varchar(255) DEFAULT NULL,
  `Language` varchar(50) DEFAULT NULL,
  `created_at` timestamp NULL DEFAULT CURRENT_TIMESTAMP,
  `keywords` varchar(200) DEFAULT NULL,
  PRIMARY KEY (`MovieID`)
) ENGINE=InnoDB AUTO_INCREMENT=42 DEFAULT CHARSET=utf8mb4 COLLATE=utf8mb4_0900_ai_ci;
/*!40101 SET character_set_client = @saved_cs_client */;

--
-- Dumping data for table `movies`
--

LOCK TABLES `movies` WRITE;
/*!40000 ALTER TABLE `movies` DISABLE KEYS */;
INSERT INTO `movies` VALUES (2,'Інтерстеллар','Група астронавтів вирушає у космос через чорну діру, щоб знайти новий дім для людства.',169,'2014-11-06','Фантастика, Драма, Пригоди','Крістофер Нолан','interstellar','Українська','2025-01-20 17:25:51','Фантастика, Драма, Пригоди'),(4,'Початок','Технологія, що дозволяє красти ідеї через сон, приводить до все більш небезпечних ситуацій.',148,'2010-07-16','Фантастика, Екшн, Триллер','Крістофер Нолан','inception','Українська','2025-01-20 17:25:51','Фантастика, Екшн, Триллер'),(6,'Паразити','Бідна сім\'я вдається до шахрайства, щоб пристосуватися до багатої родини.',132,'2019-05-30','Триллер, Драма, Кримінал','Пон Джун Хо','parasite','Українська','2025-01-20 17:25:51','Триллер, Драма, Кримінал'),(9,'Аватар','Людина в аватарі стає частиною племені на чужій планеті і допомагає боротися за її збереження.',162,'2009-12-18','Фантастика, Пригоди, Екшн','Джеймс Кемерон','avatar','Українська','2025-01-20 17:25:51','Фантастика, Пригоди, Екшн'),(10,'Джанго вільний','Колишній раб намагається визволити свою дружину з рук жорстокого власника плантації.',165,'2012-12-25','Вестерн, Драма','Квентін Тарантіно','django-unchained','Англійська','2025-01-20 17:25:51','Вестерн, Драма'),(17,'Оппенгеймер','Біографічний фільм про американського фізика-теоретика, який брав участь у створенні атомної бомби.',180,'2023-07-21','Біографія, Драма, Історія','Крістофер Нолан','oppengejmer','Українська','2025-01-24 17:32:56','Біографія, Драма, Історія'),(30,'Громовержці','Thunderbolts — команда антигероїв об’єднується під тиском Валентини де Фонтейн, щоб виконати ризиковану місію, шукаючи спокути свого минулого.',126,'2025-05-01','Екшн Фантастика','Джек Шреєр','img1','Українська','2025-05-09 14:59:17',NULL),(31,'Клоун Френдо','Кетл-Спрінгз — тихе американське містечко, куди родина Мейбруків переїжджає за новим початком, але в ньому таяться моторошні секрети, зокрема зловісний клоун Френдо, символ давнього кукурудзяного сиропу.',97,'2025-04-16','Комедія Жахи','Елі Крейг','img2','Українська','2025-05-09 15:11:04',NULL),(32,'Пункт призначення','Стефані – студентка коледжу, яку постійно мучить один і той самий кошмар. Вона вирушає додому в пошуках єдиної людини, яка здатна врятувати родину Стефані.',110,'2025-05-11','Жахи Трилер','Адам Стайн, Зак Ліповськи','img3','Українська','2025-05-09 15:17:58',NULL),(33,'Місія неможлива','Агент секретної служби, яка спеціалізується на неможливих місіях, Ітан Гант (Том Круз) готується до нового завдання. Впливовий зловмисник планує заволодіти доступом до штучного інтелекту, який здатен змінити весь порядок у світі.',169,'2025-05-07','Екшн Пригоди','Крістофер Маккворрі ','img4','Українська','2025-05-09 15:20:33',NULL),(34,'Ліло і Стіч','Фільм розповідає зворушливу та веселу історію про самотню гавайську дівчинку Ліло та втікача-прибульця, який допомагає згуртувати її зруйновану сім’ю.',108,'2025-05-08','Комедія Пригоди Сімейний Анімація Фентезі','Дін Флейшер Кемп','img5','Українська','2025-05-09 15:28:17',NULL),(35,'Шалені копи','Двоє безглуздих поліцейських, приїхавши на виклик, випадково скоюють подвійний злочин. І на цьому вони не зупиняються.',119,'2025-05-01','Комедія Кримінал','Потсі Пончіролі','img6','Українська','2025-05-09 15:31:34',NULL),(36,'Сентиментальна подорож  Параджанова','Фільм-шана геніальному митцю Сергію Параджанову з нагоди сторічного ювілею від його народження',80,'2025-05-06','Документальний','Тарас Томенко','img7','Українська','2025-05-09 15:35:37',NULL),(37,'Очі. Легенда Карпат','У Карпатах Юля і її батько-вчитель виживання піклуються про дивне лісове дитинча, з яким дівчинка вміє говорити, і намагаються повернути його до родини у фільмі «ОЧІ: ЛЕГЕНДА КАРПАТ».',95,'2025-04-30','Пригоди Фентезі','Ісайя Сексон','img8','Українська','2025-05-09 15:38:42',NULL),(38,'МУР. Ти [Романтика] в кіно','Хвильовий, Сосюра, Остап Вишня, Лесь Курбас, Михайль Семенко та Павло Тичина - на великому екрані. Вони повернулися, щоб нагадати, ким ми є.',104,'2025-04-10','Мюзикл Історичний','Олександр Хоменко','img9','Українська','2025-05-09 15:43:00',NULL),(39,'До світанку','Кловер і її друзі потрапляють у долину з часовою петлею, де жах із маскою щоночі безжально вбиває їх один за одним, і врятуватися можна лише доживши до світанку у фільмі «Until Dawn: до світанку».\n',103,'2025-05-03','Жахи Трилер','Девід Ф. Сандберг','img10','Українська','2025-05-09 15:50:45',NULL),(40,'Грішники','Брати-близнюки Елайджа та Еліас повертаються додому в пошуках спокою, але натрапляють на зловісне лихо, яке перевертає їхнє життя в трилері «ГРІШНИКИ» режисера Раяна Куглера.\n',131,'2025-05-01','Драма Жахи Трилер','Райан Куглер','img11','Українська','2025-05-09 15:54:56',NULL),(41,'БожеВільні','Життя прихильника року в Україні радянських часів перевертається, коли через любов до західної музики йому доводиться зіткнутися з владою.',119,'2024-10-31','Драма Історичний Трилер','Денис Тарасов','img12','Українська','2025-05-09 16:01:47',NULL);
/*!40000 ALTER TABLE `movies` ENABLE KEYS */;
UNLOCK TABLES;

--
-- Table structure for table `seats`
--

DROP TABLE IF EXISTS `seats`;
/*!40101 SET @saved_cs_client     = @@character_set_client */;
/*!50503 SET character_set_client = utf8mb4 */;
CREATE TABLE `seats` (
  `SeatID` int NOT NULL AUTO_INCREMENT,
  `HallID` int NOT NULL,
  `RowNumber` int NOT NULL,
  `SeatNumber` int NOT NULL,
  `created_at` timestamp NOT NULL DEFAULT CURRENT_TIMESTAMP,
  PRIMARY KEY (`SeatID`),
  KEY `HallID` (`HallID`),
  CONSTRAINT `seats_ibfk_1` FOREIGN KEY (`HallID`) REFERENCES `halls` (`HallID`)
) ENGINE=InnoDB AUTO_INCREMENT=505 DEFAULT CHARSET=utf8mb4 COLLATE=utf8mb4_0900_ai_ci;
/*!40101 SET character_set_client = @saved_cs_client */;

--
-- Dumping data for table `seats`
--

LOCK TABLES `seats` WRITE;
/*!40000 ALTER TABLE `seats` DISABLE KEYS */;
INSERT INTO `seats` VALUES (4,1,10,1,'2025-04-28 18:49:54'),(5,1,9,1,'2025-04-28 18:49:54'),(6,1,8,1,'2025-04-28 18:49:54'),(7,1,7,1,'2025-04-28 18:49:54'),(8,1,6,1,'2025-04-28 18:49:54'),(9,1,5,1,'2025-04-28 18:49:54'),(10,1,4,1,'2025-04-28 18:49:54'),(11,1,3,1,'2025-04-28 18:49:54'),(12,1,2,1,'2025-04-28 18:49:54'),(13,1,1,1,'2025-04-28 18:49:54'),(14,1,10,2,'2025-04-28 18:49:54'),(15,1,9,2,'2025-04-28 18:49:54'),(16,1,8,2,'2025-04-28 18:49:54'),(17,1,7,2,'2025-04-28 18:49:54'),(18,1,6,2,'2025-04-28 18:49:54'),(19,1,5,2,'2025-04-28 18:49:54'),(20,1,4,2,'2025-04-28 18:49:54'),(21,1,3,2,'2025-04-28 18:49:54'),(22,1,2,2,'2025-04-28 18:49:54'),(23,1,1,2,'2025-04-28 18:49:54'),(24,1,10,3,'2025-04-28 18:49:54'),(25,1,9,3,'2025-04-28 18:49:54'),(26,1,8,3,'2025-04-28 18:49:54'),(27,1,7,3,'2025-04-28 18:49:54'),(28,1,6,3,'2025-04-28 18:49:54'),(29,1,5,3,'2025-04-28 18:49:54'),(30,1,4,3,'2025-04-28 18:49:54'),(31,1,3,3,'2025-04-28 18:49:54'),(32,1,2,3,'2025-04-28 18:49:54'),(33,1,1,3,'2025-04-28 18:49:54'),(34,1,10,4,'2025-04-28 18:49:54'),(35,1,9,4,'2025-04-28 18:49:54'),(36,1,8,4,'2025-04-28 18:49:54'),(37,1,7,4,'2025-04-28 18:49:54'),(38,1,6,4,'2025-04-28 18:49:54'),(39,1,5,4,'2025-04-28 18:49:54'),(40,1,4,4,'2025-04-28 18:49:54'),(41,1,3,4,'2025-04-28 18:49:54'),(42,1,2,4,'2025-04-28 18:49:54'),(43,1,1,4,'2025-04-28 18:49:54'),(44,1,10,5,'2025-04-28 18:49:54'),(45,1,9,5,'2025-04-28 18:49:54'),(46,1,8,5,'2025-04-28 18:49:54'),(47,1,7,5,'2025-04-28 18:49:54'),(48,1,6,5,'2025-04-28 18:49:54'),(49,1,5,5,'2025-04-28 18:49:54'),(50,1,4,5,'2025-04-28 18:49:54'),(51,1,3,5,'2025-04-28 18:49:54'),(52,1,2,5,'2025-04-28 18:49:54'),(53,1,1,5,'2025-04-28 18:49:54'),(54,1,10,6,'2025-04-28 18:49:54'),(55,1,9,6,'2025-04-28 18:49:54'),(56,1,8,6,'2025-04-28 18:49:54'),(57,1,7,6,'2025-04-28 18:49:54'),(58,1,6,6,'2025-04-28 18:49:54'),(59,1,5,6,'2025-04-28 18:49:54'),(60,1,4,6,'2025-04-28 18:49:54'),(61,1,3,6,'2025-04-28 18:49:54'),(62,1,2,6,'2025-04-28 18:49:54'),(63,1,1,6,'2025-04-28 18:49:54'),(64,1,10,7,'2025-04-28 18:49:54'),(65,1,9,7,'2025-04-28 18:49:54'),(66,1,8,7,'2025-04-28 18:49:54'),(67,1,7,7,'2025-04-28 18:49:54'),(68,1,6,7,'2025-04-28 18:49:54'),(69,1,5,7,'2025-04-28 18:49:54'),(70,1,4,7,'2025-04-28 18:49:54'),(71,1,3,7,'2025-04-28 18:49:54'),(72,1,2,7,'2025-04-28 18:49:54'),(73,1,1,7,'2025-04-28 18:49:54'),(74,1,10,8,'2025-04-28 18:49:54'),(75,1,9,8,'2025-04-28 18:49:54'),(76,1,8,8,'2025-04-28 18:49:54'),(77,1,7,8,'2025-04-28 18:49:54'),(78,1,6,8,'2025-04-28 18:49:54'),(79,1,5,8,'2025-04-28 18:49:54'),(80,1,4,8,'2025-04-28 18:49:54'),(81,1,3,8,'2025-04-28 18:49:54'),(82,1,2,8,'2025-04-28 18:49:54'),(83,1,1,8,'2025-04-28 18:49:54'),(84,1,10,9,'2025-04-28 18:49:54'),(85,1,9,9,'2025-04-28 18:49:54'),(86,1,8,9,'2025-04-28 18:49:54'),(87,1,7,9,'2025-04-28 18:49:54'),(88,1,6,9,'2025-04-28 18:49:54'),(89,1,5,9,'2025-04-28 18:49:54'),(90,1,4,9,'2025-04-28 18:49:54'),(91,1,3,9,'2025-04-28 18:49:54'),(92,1,2,9,'2025-04-28 18:49:54'),(93,1,1,9,'2025-04-28 18:49:54'),(94,1,10,10,'2025-04-28 18:49:54'),(95,1,9,10,'2025-04-28 18:49:54'),(96,1,8,10,'2025-04-28 18:49:54'),(97,1,7,10,'2025-04-28 18:49:54'),(98,1,6,10,'2025-04-28 18:49:54'),(99,1,5,10,'2025-04-28 18:49:54'),(100,1,4,10,'2025-04-28 18:49:54'),(101,1,3,10,'2025-04-28 18:49:54'),(102,1,2,10,'2025-04-28 18:49:54'),(103,1,1,10,'2025-04-28 18:49:54'),(104,1,10,11,'2025-04-28 18:49:54'),(105,1,9,11,'2025-04-28 18:49:54'),(106,1,8,11,'2025-04-28 18:49:54'),(107,1,7,11,'2025-04-28 18:49:54'),(108,1,6,11,'2025-04-28 18:49:54'),(109,1,5,11,'2025-04-28 18:49:54'),(110,1,4,11,'2025-04-28 18:49:54'),(111,1,3,11,'2025-04-28 18:49:54'),(112,1,2,11,'2025-04-28 18:49:54'),(113,1,1,11,'2025-04-28 18:49:54'),(114,1,10,12,'2025-04-28 18:49:54'),(115,1,9,12,'2025-04-28 18:49:54'),(116,1,8,12,'2025-04-28 18:49:54'),(117,1,7,12,'2025-04-28 18:49:54'),(118,1,6,12,'2025-04-28 18:49:54'),(119,1,5,12,'2025-04-28 18:49:54'),(120,1,4,12,'2025-04-28 18:49:54'),(121,1,3,12,'2025-04-28 18:49:54'),(122,1,2,12,'2025-04-28 18:49:54'),(123,1,1,12,'2025-04-28 18:49:54'),(258,2,10,1,'2025-04-28 22:19:30'),(259,2,9,1,'2025-04-28 22:19:30'),(260,2,8,1,'2025-04-28 22:19:30'),(261,2,7,1,'2025-04-28 22:19:30'),(262,2,6,1,'2025-04-28 22:19:30'),(263,2,5,1,'2025-04-28 22:19:30'),(264,2,4,1,'2025-04-28 22:19:30'),(265,2,3,1,'2025-04-28 22:19:30'),(266,2,2,1,'2025-04-28 22:19:30'),(267,2,1,1,'2025-04-28 22:19:30'),(268,2,10,2,'2025-04-28 22:19:30'),(269,2,9,2,'2025-04-28 22:19:30'),(270,2,8,2,'2025-04-28 22:19:30'),(271,2,7,2,'2025-04-28 22:19:30'),(272,2,6,2,'2025-04-28 22:19:30'),(273,2,5,2,'2025-04-28 22:19:30'),(274,2,4,2,'2025-04-28 22:19:30'),(275,2,3,2,'2025-04-28 22:19:30'),(276,2,2,2,'2025-04-28 22:19:30'),(277,2,1,2,'2025-04-28 22:19:30'),(278,2,10,3,'2025-04-28 22:19:30'),(279,2,9,3,'2025-04-28 22:19:30'),(280,2,8,3,'2025-04-28 22:19:30'),(281,2,7,3,'2025-04-28 22:19:30'),(282,2,6,3,'2025-04-28 22:19:30'),(283,2,5,3,'2025-04-28 22:19:30'),(284,2,4,3,'2025-04-28 22:19:30'),(285,2,3,3,'2025-04-28 22:19:30'),(286,2,2,3,'2025-04-28 22:19:30'),(287,2,1,3,'2025-04-28 22:19:30'),(288,2,10,4,'2025-04-28 22:19:30'),(289,2,9,4,'2025-04-28 22:19:30'),(290,2,8,4,'2025-04-28 22:19:30'),(291,2,7,4,'2025-04-28 22:19:30'),(292,2,6,4,'2025-04-28 22:19:30'),(293,2,5,4,'2025-04-28 22:19:30'),(294,2,4,4,'2025-04-28 22:19:30'),(295,2,3,4,'2025-04-28 22:19:30'),(296,2,2,4,'2025-04-28 22:19:30'),(297,2,1,4,'2025-04-28 22:19:30'),(298,2,10,5,'2025-04-28 22:19:30'),(299,2,9,5,'2025-04-28 22:19:30'),(300,2,8,5,'2025-04-28 22:19:30'),(301,2,7,5,'2025-04-28 22:19:30'),(302,2,6,5,'2025-04-28 22:19:30'),(303,2,5,5,'2025-04-28 22:19:30'),(304,2,4,5,'2025-04-28 22:19:30'),(305,2,3,5,'2025-04-28 22:19:30'),(306,2,2,5,'2025-04-28 22:19:30'),(307,2,1,5,'2025-04-28 22:19:30'),(308,2,10,6,'2025-04-28 22:19:30'),(309,2,9,6,'2025-04-28 22:19:30'),(310,2,8,6,'2025-04-28 22:19:30'),(311,2,7,6,'2025-04-28 22:19:30'),(312,2,6,6,'2025-04-28 22:19:30'),(313,2,5,6,'2025-04-28 22:19:30'),(314,2,4,6,'2025-04-28 22:19:30'),(315,2,3,6,'2025-04-28 22:19:30'),(316,2,2,6,'2025-04-28 22:19:30'),(317,2,1,6,'2025-04-28 22:19:30'),(318,2,10,7,'2025-04-28 22:19:30'),(319,2,9,7,'2025-04-28 22:19:30'),(320,2,8,7,'2025-04-28 22:19:30'),(321,2,7,7,'2025-04-28 22:19:30'),(322,2,6,7,'2025-04-28 22:19:30'),(323,2,5,7,'2025-04-28 22:19:30'),(324,2,4,7,'2025-04-28 22:19:30'),(325,2,3,7,'2025-04-28 22:19:30'),(326,2,2,7,'2025-04-28 22:19:30'),(327,2,1,7,'2025-04-28 22:19:30'),(328,2,10,8,'2025-04-28 22:19:30'),(329,2,9,8,'2025-04-28 22:19:30'),(330,2,8,8,'2025-04-28 22:19:30'),(331,2,7,8,'2025-04-28 22:19:30'),(332,2,6,8,'2025-04-28 22:19:30'),(333,2,5,8,'2025-04-28 22:19:30'),(334,2,4,8,'2025-04-28 22:19:30'),(335,2,3,8,'2025-04-28 22:19:30'),(336,2,2,8,'2025-04-28 22:19:30'),(337,2,1,8,'2025-04-28 22:19:30'),(338,2,10,9,'2025-04-28 22:19:30'),(339,2,9,9,'2025-04-28 22:19:30'),(340,2,8,9,'2025-04-28 22:19:30'),(341,2,7,9,'2025-04-28 22:19:30'),(342,2,6,9,'2025-04-28 22:19:30'),(343,2,5,9,'2025-04-28 22:19:30'),(344,2,4,9,'2025-04-28 22:19:30'),(345,2,3,9,'2025-04-28 22:19:30'),(346,2,2,9,'2025-04-28 22:19:30'),(347,2,1,9,'2025-04-28 22:19:30'),(348,2,10,10,'2025-04-28 22:19:30'),(349,2,9,10,'2025-04-28 22:19:30'),(350,2,8,10,'2025-04-28 22:19:30'),(351,2,7,10,'2025-04-28 22:19:30'),(352,2,6,10,'2025-04-28 22:19:30'),(353,2,5,10,'2025-04-28 22:19:30'),(354,2,4,10,'2025-04-28 22:19:30'),(355,2,3,10,'2025-04-28 22:19:30'),(356,2,2,10,'2025-04-28 22:19:30'),(357,2,1,10,'2025-04-28 22:19:30'),(358,2,10,11,'2025-04-28 22:19:30'),(359,2,9,11,'2025-04-28 22:19:30'),(360,2,8,11,'2025-04-28 22:19:30'),(361,2,7,11,'2025-04-28 22:19:30'),(362,2,6,11,'2025-04-28 22:19:30'),(363,2,5,11,'2025-04-28 22:19:30'),(364,2,4,11,'2025-04-28 22:19:30'),(365,2,3,11,'2025-04-28 22:19:30'),(366,2,2,11,'2025-04-28 22:19:30'),(367,2,1,11,'2025-04-28 22:19:30'),(368,2,10,12,'2025-04-28 22:19:30'),(369,2,9,12,'2025-04-28 22:19:30'),(370,2,8,12,'2025-04-28 22:19:30'),(371,2,7,12,'2025-04-28 22:19:30'),(372,2,6,12,'2025-04-28 22:19:30'),(373,2,5,12,'2025-04-28 22:19:30'),(374,2,4,12,'2025-04-28 22:19:30'),(375,2,3,12,'2025-04-28 22:19:30'),(376,2,2,12,'2025-04-28 22:19:30'),(377,2,1,12,'2025-04-28 22:19:30'),(385,3,10,1,'2025-04-28 22:19:30'),(386,3,9,1,'2025-04-28 22:19:30'),(387,3,8,1,'2025-04-28 22:19:30'),(388,3,7,1,'2025-04-28 22:19:30'),(389,3,6,1,'2025-04-28 22:19:30'),(390,3,5,1,'2025-04-28 22:19:30'),(391,3,4,1,'2025-04-28 22:19:30'),(392,3,3,1,'2025-04-28 22:19:30'),(393,3,2,1,'2025-04-28 22:19:30'),(394,3,1,1,'2025-04-28 22:19:30'),(395,3,10,2,'2025-04-28 22:19:30'),(396,3,9,2,'2025-04-28 22:19:30'),(397,3,8,2,'2025-04-28 22:19:30'),(398,3,7,2,'2025-04-28 22:19:30'),(399,3,6,2,'2025-04-28 22:19:30'),(400,3,5,2,'2025-04-28 22:19:30'),(401,3,4,2,'2025-04-28 22:19:30'),(402,3,3,2,'2025-04-28 22:19:30'),(403,3,2,2,'2025-04-28 22:19:30'),(404,3,1,2,'2025-04-28 22:19:30'),(405,3,10,3,'2025-04-28 22:19:30'),(406,3,9,3,'2025-04-28 22:19:30'),(407,3,8,3,'2025-04-28 22:19:30'),(408,3,7,3,'2025-04-28 22:19:30'),(409,3,6,3,'2025-04-28 22:19:30'),(410,3,5,3,'2025-04-28 22:19:30'),(411,3,4,3,'2025-04-28 22:19:30'),(412,3,3,3,'2025-04-28 22:19:30'),(413,3,2,3,'2025-04-28 22:19:30'),(414,3,1,3,'2025-04-28 22:19:30'),(415,3,10,4,'2025-04-28 22:19:30'),(416,3,9,4,'2025-04-28 22:19:30'),(417,3,8,4,'2025-04-28 22:19:30'),(418,3,7,4,'2025-04-28 22:19:30'),(419,3,6,4,'2025-04-28 22:19:30'),(420,3,5,4,'2025-04-28 22:19:30'),(421,3,4,4,'2025-04-28 22:19:30'),(422,3,3,4,'2025-04-28 22:19:30'),(423,3,2,4,'2025-04-28 22:19:30'),(424,3,1,4,'2025-04-28 22:19:30'),(425,3,10,5,'2025-04-28 22:19:30'),(426,3,9,5,'2025-04-28 22:19:30'),(427,3,8,5,'2025-04-28 22:19:30'),(428,3,7,5,'2025-04-28 22:19:30'),(429,3,6,5,'2025-04-28 22:19:30'),(430,3,5,5,'2025-04-28 22:19:30'),(431,3,4,5,'2025-04-28 22:19:30'),(432,3,3,5,'2025-04-28 22:19:30'),(433,3,2,5,'2025-04-28 22:19:30'),(434,3,1,5,'2025-04-28 22:19:30'),(435,3,10,6,'2025-04-28 22:19:30'),(436,3,9,6,'2025-04-28 22:19:30'),(437,3,8,6,'2025-04-28 22:19:30'),(438,3,7,6,'2025-04-28 22:19:30'),(439,3,6,6,'2025-04-28 22:19:30'),(440,3,5,6,'2025-04-28 22:19:30'),(441,3,4,6,'2025-04-28 22:19:30'),(442,3,3,6,'2025-04-28 22:19:30'),(443,3,2,6,'2025-04-28 22:19:30'),(444,3,1,6,'2025-04-28 22:19:30'),(445,3,10,7,'2025-04-28 22:19:30'),(446,3,9,7,'2025-04-28 22:19:30'),(447,3,8,7,'2025-04-28 22:19:30'),(448,3,7,7,'2025-04-28 22:19:30'),(449,3,6,7,'2025-04-28 22:19:30'),(450,3,5,7,'2025-04-28 22:19:30'),(451,3,4,7,'2025-04-28 22:19:30'),(452,3,3,7,'2025-04-28 22:19:30'),(453,3,2,7,'2025-04-28 22:19:30'),(454,3,1,7,'2025-04-28 22:19:30'),(455,3,10,8,'2025-04-28 22:19:30'),(456,3,9,8,'2025-04-28 22:19:30'),(457,3,8,8,'2025-04-28 22:19:30'),(458,3,7,8,'2025-04-28 22:19:30'),(459,3,6,8,'2025-04-28 22:19:30'),(460,3,5,8,'2025-04-28 22:19:30'),(461,3,4,8,'2025-04-28 22:19:30'),(462,3,3,8,'2025-04-28 22:19:30'),(463,3,2,8,'2025-04-28 22:19:30'),(464,3,1,8,'2025-04-28 22:19:30'),(465,3,10,9,'2025-04-28 22:19:30'),(466,3,9,9,'2025-04-28 22:19:30'),(467,3,8,9,'2025-04-28 22:19:30'),(468,3,7,9,'2025-04-28 22:19:30'),(469,3,6,9,'2025-04-28 22:19:30'),(470,3,5,9,'2025-04-28 22:19:30'),(471,3,4,9,'2025-04-28 22:19:30'),(472,3,3,9,'2025-04-28 22:19:30'),(473,3,2,9,'2025-04-28 22:19:30'),(474,3,1,9,'2025-04-28 22:19:30'),(475,3,10,10,'2025-04-28 22:19:30'),(476,3,9,10,'2025-04-28 22:19:30'),(477,3,8,10,'2025-04-28 22:19:30'),(478,3,7,10,'2025-04-28 22:19:30'),(479,3,6,10,'2025-04-28 22:19:30'),(480,3,5,10,'2025-04-28 22:19:30'),(481,3,4,10,'2025-04-28 22:19:30'),(482,3,3,10,'2025-04-28 22:19:30'),(483,3,2,10,'2025-04-28 22:19:30'),(484,3,1,10,'2025-04-28 22:19:30'),(485,3,10,11,'2025-04-28 22:19:30'),(486,3,9,11,'2025-04-28 22:19:30'),(487,3,8,11,'2025-04-28 22:19:30'),(488,3,7,11,'2025-04-28 22:19:30'),(489,3,6,11,'2025-04-28 22:19:30'),(490,3,5,11,'2025-04-28 22:19:30'),(491,3,4,11,'2025-04-28 22:19:30'),(492,3,3,11,'2025-04-28 22:19:30'),(493,3,2,11,'2025-04-28 22:19:30'),(494,3,1,11,'2025-04-28 22:19:30'),(495,3,10,12,'2025-04-28 22:19:30'),(496,3,9,12,'2025-04-28 22:19:30'),(497,3,8,12,'2025-04-28 22:19:30'),(498,3,7,12,'2025-04-28 22:19:30'),(499,3,6,12,'2025-04-28 22:19:30'),(500,3,5,12,'2025-04-28 22:19:30'),(501,3,4,12,'2025-04-28 22:19:30'),(502,3,3,12,'2025-04-28 22:19:30'),(503,3,2,12,'2025-04-28 22:19:30'),(504,3,1,12,'2025-04-28 22:19:30');
/*!40000 ALTER TABLE `seats` ENABLE KEYS */;
UNLOCK TABLES;

--
-- Table structure for table `sessions`
--

DROP TABLE IF EXISTS `sessions`;
/*!40101 SET @saved_cs_client     = @@character_set_client */;
/*!50503 SET character_set_client = utf8mb4 */;
CREATE TABLE `sessions` (
  `SessionID` int NOT NULL AUTO_INCREMENT,
  `MovieID` int DEFAULT NULL,
  `HallID` int NOT NULL,
  `Price` decimal(5,2) DEFAULT NULL,
  `PriceGood` decimal(5,2) NOT NULL,
  `PriceLux` decimal(5,2) NOT NULL,
  `StartAt` datetime NOT NULL,
  PRIMARY KEY (`SessionID`),
  KEY `MovieID` (`MovieID`),
  CONSTRAINT `sessions_ibfk_1` FOREIGN KEY (`MovieID`) REFERENCES `movies` (`MovieID`) ON DELETE CASCADE
) ENGINE=InnoDB AUTO_INCREMENT=133 DEFAULT CHARSET=utf8mb4 COLLATE=utf8mb4_0900_ai_ci;
/*!40101 SET character_set_client = @saved_cs_client */;

--
-- Dumping data for table `sessions`
--

LOCK TABLES `sessions` WRITE;
/*!40000 ALTER TABLE `sessions` DISABLE KEYS */;
INSERT INTO `sessions` VALUES (4,2,2,12.00,12.00,20.40,'2025-02-21 13:31:00'),(12,4,1,120.00,120.00,204.00,'2025-04-29 12:00:00'),(16,2,1,120.00,120.00,204.00,'2025-04-29 10:00:00'),(20,4,2,120.00,120.00,204.00,'2025-04-30 10:00:00'),(22,10,1,120.00,120.00,204.00,'2025-04-30 16:00:00'),(23,2,2,120.00,120.00,204.00,'2025-04-30 21:30:00'),(24,6,3,120.00,120.00,204.00,'2025-05-01 10:00:00'),(25,9,1,120.00,120.00,204.00,'2025-05-01 13:00:00'),(31,4,1,120.00,120.00,204.00,'2025-05-02 21:30:00'),(32,2,2,120.00,120.00,204.00,'2025-05-03 10:00:00'),(33,6,3,120.00,120.00,204.00,'2025-05-03 13:00:00'),(34,9,1,120.00,120.00,204.00,'2025-05-03 16:00:00'),(40,4,1,120.00,120.00,204.00,'2025-05-05 10:00:00'),(41,10,2,120.00,120.00,204.00,'2025-05-05 13:00:00'),(42,6,3,120.00,120.00,204.00,'2025-05-05 16:00:00'),(43,2,1,120.00,120.00,204.00,'2025-05-05 19:00:00'),(44,9,2,120.00,120.00,204.00,'2025-05-06 10:00:00'),(46,2,1,120.00,120.00,204.00,'2025-05-06 16:00:00'),(51,4,1,120.00,120.00,204.00,'2025-05-07 19:00:00'),(52,6,2,120.00,120.00,204.00,'2025-05-08 10:00:00'),(53,10,3,120.00,120.00,204.00,'2025-05-08 13:00:00'),(54,9,1,120.00,120.00,204.00,'2025-05-08 16:00:00'),(57,2,1,120.00,120.00,204.00,'2025-05-09 13:00:00'),(72,40,2,0.00,120.00,210.00,'2025-05-09 20:50:00'),(73,2,1,250.00,200.00,300.00,'2025-05-10 12:00:00'),(74,4,2,250.00,200.00,300.00,'2025-05-10 15:30:00'),(75,6,3,250.00,200.00,300.00,'2025-05-10 18:00:00'),(76,9,1,250.00,200.00,300.00,'2025-05-10 20:30:00'),(77,10,2,250.00,200.00,300.00,'2025-05-10 22:00:00'),(78,17,2,260.00,210.00,310.00,'2025-05-11 13:00:00'),(79,30,3,260.00,210.00,310.00,'2025-05-11 16:00:00'),(80,31,1,260.00,210.00,310.00,'2025-05-11 18:30:00'),(81,32,2,260.00,210.00,310.00,'2025-05-11 21:00:00'),(82,33,3,240.00,190.00,290.00,'2025-05-12 12:30:00'),(83,34,1,240.00,190.00,290.00,'2025-05-12 15:00:00'),(84,35,2,240.00,190.00,290.00,'2025-05-12 17:30:00'),(85,36,3,240.00,190.00,290.00,'2025-05-12 20:00:00'),(86,37,1,240.00,190.00,290.00,'2025-05-12 22:15:00'),(87,38,2,255.00,205.00,305.00,'2025-05-13 13:15:00'),(88,39,3,255.00,205.00,305.00,'2025-05-13 16:00:00'),(89,40,1,255.00,205.00,305.00,'2025-05-13 18:45:00'),(90,41,2,255.00,205.00,305.00,'2025-05-13 21:30:00'),(91,2,3,250.00,200.00,300.00,'2025-05-14 12:00:00'),(92,4,1,250.00,200.00,300.00,'2025-05-14 14:30:00'),(93,6,2,250.00,200.00,300.00,'2025-05-14 17:00:00'),(94,9,3,250.00,200.00,300.00,'2025-05-14 19:30:00'),(95,10,1,250.00,200.00,300.00,'2025-05-14 22:00:00'),(96,17,1,260.00,210.00,310.00,'2025-05-15 13:30:00'),(97,30,2,260.00,210.00,310.00,'2025-05-15 16:15:00'),(98,31,3,260.00,210.00,310.00,'2025-05-15 18:45:00'),(99,32,1,260.00,210.00,310.00,'2025-05-15 21:15:00'),(100,33,2,240.00,190.00,290.00,'2025-05-16 12:15:00'),(101,34,3,240.00,190.00,290.00,'2025-05-16 15:00:00'),(102,35,1,240.00,190.00,290.00,'2025-05-16 17:45:00'),(103,36,2,240.00,190.00,290.00,'2025-05-16 20:30:00'),(104,37,3,255.00,205.00,305.00,'2025-05-17 13:00:00'),(105,38,1,255.00,205.00,305.00,'2025-05-17 15:30:00'),(106,39,2,255.00,205.00,305.00,'2025-05-17 18:00:00'),(107,40,3,255.00,205.00,305.00,'2025-05-17 20:30:00'),(108,41,1,255.00,205.00,305.00,'2025-05-17 23:00:00'),(109,2,1,250.00,200.00,300.00,'2025-05-18 12:45:00'),(110,4,2,250.00,200.00,300.00,'2025-05-18 15:15:00'),(111,6,3,250.00,200.00,300.00,'2025-05-18 17:45:00'),(112,9,1,250.00,200.00,300.00,'2025-05-18 20:15:00'),(113,10,2,260.00,210.00,310.00,'2025-05-19 13:00:00'),(114,17,3,260.00,210.00,310.00,'2025-05-19 15:30:00'),(115,30,1,260.00,210.00,310.00,'2025-05-19 18:00:00'),(116,31,2,260.00,210.00,310.00,'2025-05-19 20:30:00'),(117,32,3,240.00,190.00,290.00,'2025-05-20 12:00:00'),(118,33,1,240.00,190.00,290.00,'2025-05-20 14:30:00'),(119,34,2,240.00,190.00,290.00,'2025-05-20 17:00:00'),(120,35,3,240.00,190.00,290.00,'2025-05-20 19:30:00'),(121,36,1,255.00,205.00,305.00,'2025-05-21 13:30:00'),(122,37,2,255.00,205.00,305.00,'2025-05-21 16:00:00'),(123,38,3,255.00,205.00,305.00,'2025-05-21 18:30:00'),(124,39,1,255.00,205.00,305.00,'2025-05-21 21:00:00'),(125,40,2,250.00,200.00,300.00,'2025-05-22 12:15:00'),(126,41,3,250.00,200.00,300.00,'2025-05-22 14:45:00'),(127,2,1,250.00,200.00,300.00,'2025-05-22 17:15:00'),(128,4,2,250.00,200.00,300.00,'2025-05-22 19:45:00'),(129,6,3,260.00,210.00,310.00,'2025-05-23 13:00:00'),(130,9,1,260.00,210.00,310.00,'2025-05-23 15:30:00'),(131,10,2,260.00,210.00,310.00,'2025-05-23 18:00:00'),(132,17,3,260.00,210.00,310.00,'2025-05-23 20:30:00');
/*!40000 ALTER TABLE `sessions` ENABLE KEYS */;
UNLOCK TABLES;

--
-- Table structure for table `users`
--

DROP TABLE IF EXISTS `users`;
/*!40101 SET @saved_cs_client     = @@character_set_client */;
/*!50503 SET character_set_client = utf8mb4 */;
CREATE TABLE `users` (
  `FirstName` varchar(100) NOT NULL,
  `LastName` varchar(100) NOT NULL,
  `UserID` int NOT NULL AUTO_INCREMENT,
  `Email` varchar(255) NOT NULL,
  `Phone` varchar(20) NOT NULL,
  `PasswordHash` varchar(255) NOT NULL,
  `Role` enum('user','admin') NOT NULL DEFAULT 'user',
  `CreatedAt` timestamp NULL DEFAULT CURRENT_TIMESTAMP,
  PRIMARY KEY (`UserID`),
  UNIQUE KEY `Email` (`Email`)
) ENGINE=InnoDB AUTO_INCREMENT=12 DEFAULT CHARSET=utf8mb4 COLLATE=utf8mb4_0900_ai_ci;
/*!40101 SET character_set_client = @saved_cs_client */;

--
-- Dumping data for table `users`
--

LOCK TABLES `users` WRITE;
/*!40000 ALTER TABLE `users` DISABLE KEYS */;
INSERT INTO `users` VALUES ('Адмін','Cinema',1,'admin@cinema.com','+380501234567','admin123','admin','2025-05-02 20:47:57'),('Sofiia','Hryshko',3,'sofiahryshko@gmail.com','+380683633612','$2b$10$0Tuck56KuelGa4HX15nryunb4.J2F1fOFf7bIExI9Xl8.geHZOoa6','user','2025-04-30 23:37:11'),('Sofiia','Hryshko',5,'sofiia@gmail.com','+380123456789','$2b$10$wChV0xl4u0DF4OUCWAdZJ.9H6vQKQyMsbAGLRQgF.PlqrDuNul/mC','user','2025-05-02 13:47:30'),('Sofiia','Hryshko',6,'sofiia@gmaiascl.com','+380123456789','$2b$10$EVh8eLSOVwB5sJE/cTDvAuXzlOEvfRFNIC3si/.mnc11qHLRIcS.O','user','2025-05-02 14:04:55'),('Sofiia','іііі',7,'ssss@gmail.com','+380683633613','$2b$10$K/VvF92Im.cJARbBKzsXzuwIdLyWO3c/HHPG810E2WtWw758z3hAW','user','2025-05-02 17:12:43'),('Sofiia','Hryshko',8,'ksena@stad.com','+380683633622','$2b$10$quIo.SzAfSMAPX2x0wrmk./mS.ruBALKzCJWjEIUW2SFjUBMzfjzG','user','2025-05-02 17:49:24'),('Admin','Cinema',10,'admincinema@gmail.com','+380123456789','$2b$10$7oMRiwh/RSViJns6gip87u5Utha6tkQR8YYMO976mVZf392d6s2r.','admin','2025-05-02 20:50:21'),('Олена','Мельник',11,'ol@gmail.com','+380683633690','$2b$10$QPWmTReiyHhOjOUrABrdAupxoqPoqGg1TpuACySZkL6S0vwpxh/ua','user','2025-05-08 11:53:31');
/*!40000 ALTER TABLE `users` ENABLE KEYS */;
UNLOCK TABLES;
/*!40103 SET TIME_ZONE=@OLD_TIME_ZONE */;

/*!40101 SET SQL_MODE=@OLD_SQL_MODE */;
/*!40014 SET FOREIGN_KEY_CHECKS=@OLD_FOREIGN_KEY_CHECKS */;
/*!40014 SET UNIQUE_CHECKS=@OLD_UNIQUE_CHECKS */;
/*!40101 SET CHARACTER_SET_CLIENT=@OLD_CHARACTER_SET_CLIENT */;
/*!40101 SET CHARACTER_SET_RESULTS=@OLD_CHARACTER_SET_RESULTS */;
/*!40101 SET COLLATION_CONNECTION=@OLD_COLLATION_CONNECTION */;
/*!40111 SET SQL_NOTES=@OLD_SQL_NOTES */;

-- Dump completed on 2025-05-10 20:34:15
